"Cancer","Subset1","Subset2","Isoform ID","Name","EXP1","EXP2","adjusted P-Value","Measure"
"Ovarian Serous Adenocarcinoma","Ovarian serous cystadenocarcinoma(262)","Ovarian serous cystadenocarcinoma - Recurrent(4)","uc002kes.2","AF075112","0.13371084933640467","0","0.000000000001470231384281277","TPM"
"Ovarian Serous Adenocarcinoma","Ovarian serous cystadenocarcinoma(262)","Ovarian serous cystadenocarcinoma - Recurrent(4)","uc001ltz.1","AF085962","0.01221110990683028","0","0.008867462656021938","TPM"
"Ovarian Serous Adenocarcinoma","Ovarian serous cystadenocarcinoma(262)","Ovarian serous cystadenocarcinoma - Recurrent(4)","uc003bqj.1","AF279782","0.1014126693053733","0.014351611049476427","0.004771645035257984","TPM"
"Ovarian Serous Adenocarcinoma","Ovarian serous cystadenocarcinoma(262)","Ovarian serous cystadenocarcinoma - Recurrent(4)","uc003gkd.3","AFAP1-AS1","4.5630291060637465","0.11494144616092204","0.00000033725408164060743","TPM"
"Ovarian Serous Adenocarcinoma","Ovarian serous cystadenocarcinoma(262)","Ovarian serous cystadenocarcinoma - Recurrent(4)","uc002ubt.1","AK027541","1.0531961938897187","0.07989517279985513","0.00012919061638058725","TPM"
"Ovarian Serous Adenocarcinoma","Ovarian serous cystadenocarcinoma(262)","Ovarian serous cystadenocarcinoma - Recurrent(4)","uc001mfz.1","AK055772","0.0013445663926732847","0","0.0049511986258048485","TPM"
"Ovarian Serous Adenocarcinoma","Ovarian serous cystadenocarcinoma(262)","Ovarian serous cystadenocarcinoma - Recurrent(4)","uc001ihc.1","AK055803","0.01111793690218037","0","2.123001890166749e-20","TPM"
"Ovarian Serous Adenocarcinoma","Ovarian serous cystadenocarcinoma(262)","Ovarian serous cystadenocarcinoma - Recurrent(4)","uc001qlq.1","AK056228","0.041870397431289376","0.00415327772642185","0.0008994875205736215","TPM"
"Ovarian Serous Adenocarcinoma","Ovarian serous cystadenocarcinoma(262)","Ovarian serous cystadenocarcinoma - Recurrent(4)","uc002gyg.1","AK057473","0.2654268786637679","0","0.0000000032984864410236614","TPM"
"Ovarian Serous Adenocarcinoma","Ovarian serous cystadenocarcinoma(262)","Ovarian serous cystadenocarcinoma - Recurrent(4)","uc003wzt.1","AK057515","0.0013919679541512758","0","0.0034926703687730974","TPM"
"Ovarian Serous Adenocarcinoma","Ovarian serous cystadenocarcinoma(262)","Ovarian serous cystadenocarcinoma - Recurrent(4)","uc003gna.1","AK091889","0.0008357112950652597","0","0.0035104402987242924","TPM"
"Ovarian Serous Adenocarcinoma","Ovarian serous cystadenocarcinoma(262)","Ovarian serous cystadenocarcinoma - Recurrent(4)","uc001sqq.1","AK093124","0.03592287680512963","0","0.0013949121274596716","TPM"
"Ovarian Serous Adenocarcinoma","Ovarian serous cystadenocarcinoma(262)","Ovarian serous cystadenocarcinoma - Recurrent(4)","uc003jge.1","AK093362","0.21576088070646138","0.01135930217185635","0.00005196820143483518","TPM"
"Ovarian Serous Adenocarcinoma","Ovarian serous cystadenocarcinoma(262)","Ovarian serous cystadenocarcinoma - Recurrent(4)","uc004bcy.1","AK093363","0.002358624839391597","0","0.00028684865808800805","TPM"
"Ovarian Serous Adenocarcinoma","Ovarian serous cystadenocarcinoma(262)","Ovarian serous cystadenocarcinoma - Recurrent(4)","uc001pkw.1","AK094117","0.5743092269151312","0.05091290917023557","0.000009943736582638668","TPM"
"Ovarian Serous Adenocarcinoma","Ovarian serous cystadenocarcinoma(262)","Ovarian serous cystadenocarcinoma - Recurrent(4)","uc002rvu.1","AK094343","0.4203452337977321","0.04592951854235218","0.0000007604178892282675","TPM"
"Ovarian Serous Adenocarcinoma","Ovarian serous cystadenocarcinoma(262)","Ovarian serous cystadenocarcinoma - Recurrent(4)","uc002bsu.1","AK094352","0.012893880458682127","0","0.0000025961206476034077","TPM"
"Ovarian Serous Adenocarcinoma","Ovarian serous cystadenocarcinoma(262)","Ovarian serous cystadenocarcinoma - Recurrent(4)","uc002qxh.1","AK095310","0.045359974824195994","0.006014357449540447","0.0008231123966329554","TPM"
"Ovarian Serous Adenocarcinoma","Ovarian serous cystadenocarcinoma(262)","Ovarian serous cystadenocarcinoma - Recurrent(4)","uc001tvk.1","AK096932","2.3437367618870826","0.06829466509186188","0.00006022944358556459","TPM"
"Ovarian Serous Adenocarcinoma","Ovarian serous cystadenocarcinoma(262)","Ovarian serous cystadenocarcinoma - Recurrent(4)","uc001czt.1","AK097193","0.006911393571642831","0","0.0000017226120304384434","TPM"
"Ovarian Serous Adenocarcinoma","Ovarian serous cystadenocarcinoma(262)","Ovarian serous cystadenocarcinoma - Recurrent(4)","uc003arg.2","AK097787","0.04005502270202095","0.0028690043087318752","0.008229605141123846","TPM"
"Ovarian Serous Adenocarcinoma","Ovarian serous cystadenocarcinoma(262)","Ovarian serous cystadenocarcinoma - Recurrent(4)","uc001vih.1","AK098560","0.0018345824408044565","0","0.0020138019095082556","TPM"
"Ovarian Serous Adenocarcinoma","Ovarian serous cystadenocarcinoma(262)","Ovarian serous cystadenocarcinoma - Recurrent(4)","uc002unc.1","AK123298","0.03436031083240414","0.005353402647024837","0.0036208152108723507","TPM"
"Ovarian Serous Adenocarcinoma","Ovarian serous cystadenocarcinoma(262)","Ovarian serous cystadenocarcinoma - Recurrent(4)","uc004esi.1","AK123976","1.7577899596364917","0.21481864969081327","0.000003180919302568015","TPM"
"Ovarian Serous Adenocarcinoma","Ovarian serous cystadenocarcinoma(262)","Ovarian serous cystadenocarcinoma - Recurrent(4)","uc003hei.1","AK124272","0.0030392507528577014","0","0.00006430731918727333","TPM"
"Ovarian Serous Adenocarcinoma","Ovarian serous cystadenocarcinoma(262)","Ovarian serous cystadenocarcinoma - Recurrent(4)","uc010rul.1","AK124326","0.2153208008349779","0.10746451559895517","0.008074433619583323","TPM"
"Ovarian Serous Adenocarcinoma","Ovarian serous cystadenocarcinoma(262)","Ovarian serous cystadenocarcinoma - Recurrent(4)","uc003iir.1","AK124399","0.2952723152656228","0.03149056645722133","0.0019712099798148094","TPM"
"Ovarian Serous Adenocarcinoma","Ovarian serous cystadenocarcinoma(262)","Ovarian serous cystadenocarcinoma - Recurrent(4)","uc001alp.1","AK125078","0.0070084697786137054","0","0.0033437905045832755","TPM"
"Ovarian Serous Adenocarcinoma","Ovarian serous cystadenocarcinoma(262)","Ovarian serous cystadenocarcinoma - Recurrent(4)","uc003dmi.1","AK125532","0.486515720461344","0.04697093693357288","0.0000005834791737072779","TPM"
"Ovarian Serous Adenocarcinoma","Ovarian serous cystadenocarcinoma(262)","Ovarian serous cystadenocarcinoma - Recurrent(4)","uc002kwf.1","AK127888","0.2347653807480589","0.01460615057785435","0.000000020612185178707275","TPM"
"Ovarian Serous Adenocarcinoma","Ovarian serous cystadenocarcinoma(262)","Ovarian serous cystadenocarcinoma - Recurrent(4)","uc010aeh.1","AK127969","0.002297081570841635","0","0.0034655342083494","TPM"
"Ovarian Serous Adenocarcinoma","Ovarian serous cystadenocarcinoma(262)","Ovarian serous cystadenocarcinoma - Recurrent(4)","uc003esv.1","AK128202","0.17081977468562126","0.0041213437482927676","0.0000000000000013491467861609148","TPM"
"Ovarian Serous Adenocarcinoma","Ovarian serous cystadenocarcinoma(262)","Ovarian serous cystadenocarcinoma - Recurrent(4)","uc010bgo.2","AK310237","0.05783900410548505","1.952111722912245e-79","0.0000000000004907646737333945","TPM"
"Ovarian Serous Adenocarcinoma","Ovarian serous cystadenocarcinoma(262)","Ovarian serous cystadenocarcinoma - Recurrent(4)","uc003pzm.1","AL832096","0.0022838891153698876","0","0.0000891253714636604","TPM"
"Ovarian Serous Adenocarcinoma","Ovarian serous cystadenocarcinoma(262)","Ovarian serous cystadenocarcinoma - Recurrent(4)","uc001ksy.1","AX747408","0.01353854606535109","0","0.007333198236158055","TPM"
"Ovarian Serous Adenocarcinoma","Ovarian serous cystadenocarcinoma(262)","Ovarian serous cystadenocarcinoma - Recurrent(4)","uc001vjj.1","AX747962","0.0013249055349374484","0","0.004823878363495797","TPM"
"Ovarian Serous Adenocarcinoma","Ovarian serous cystadenocarcinoma(262)","Ovarian serous cystadenocarcinoma - Recurrent(4)","uc001kaa.1","AX747983","0.009988048001809822","0","0.0000012326761230351914","TPM"
"Ovarian Serous Adenocarcinoma","Ovarian serous cystadenocarcinoma(262)","Ovarian serous cystadenocarcinoma - Recurrent(4)","uc001vxu.1","AX747992","0.00857566569610423","0","0.00007173176484116529","TPM"
"Ovarian Serous Adenocarcinoma","Ovarian serous cystadenocarcinoma(262)","Ovarian serous cystadenocarcinoma - Recurrent(4)","uc003zfx.2","AY343892","0.021098509883548493","0","0.0000006103084528592884","TPM"
"Ovarian Serous Adenocarcinoma","Ovarian serous cystadenocarcinoma(262)","Ovarian serous cystadenocarcinoma - Recurrent(4)","uc004cuh.2","AY660577","0.0034223141805202655","0","0.00194996567542418","TPM"
"Ovarian Serous Adenocarcinoma","Ovarian serous cystadenocarcinoma(262)","Ovarian serous cystadenocarcinoma - Recurrent(4)","uc001tvl.3","BC007399","0.5448472372202047","0.022454581995290927","0.00000000001789415308318254","TPM"
"Ovarian Serous Adenocarcinoma","Ovarian serous cystadenocarcinoma(262)","Ovarian serous cystadenocarcinoma - Recurrent(4)","uc003lzn.2","BC011998","0.0019319284619722752","0","0.0022041363536982905","TPM"
"Ovarian Serous Adenocarcinoma","Ovarian serous cystadenocarcinoma(262)","Ovarian serous cystadenocarcinoma - Recurrent(4)","uc003yso.1","BC014119","0.012275649685774312","0","0.0000004933772282639976","TPM"
"Ovarian Serous Adenocarcinoma","Ovarian serous cystadenocarcinoma(262)","Ovarian serous cystadenocarcinoma - Recurrent(4)","uc001iqf.2","BC014575","0.005330855370344459","0","0.0004830362963572722","TPM"
"Ovarian Serous Adenocarcinoma","Ovarian serous cystadenocarcinoma(262)","Ovarian serous cystadenocarcinoma - Recurrent(4)","uc001jjs.2","BC015429","0.01893080260215058","0","0.00000000008270477186395336","TPM"
"Ovarian Serous Adenocarcinoma","Ovarian serous cystadenocarcinoma(262)","Ovarian serous cystadenocarcinoma - Recurrent(4)","uc001vhn.2","BC020935","0.1525066253808105","0.01174738929585835","0.004186826099207941","TPM"
"Ovarian Serous Adenocarcinoma","Ovarian serous cystadenocarcinoma(262)","Ovarian serous cystadenocarcinoma - Recurrent(4)","uc002btf.1","BC021741","0.08721426075332701","0","0.00006549113333872419","TPM"
"Ovarian Serous Adenocarcinoma","Ovarian serous cystadenocarcinoma(262)","Ovarian serous cystadenocarcinoma - Recurrent(4)","uc010glf.1","BC028044","0.020557134450876258","0","0.005415210361171559","TPM"
"Ovarian Serous Adenocarcinoma","Ovarian serous cystadenocarcinoma(262)","Ovarian serous cystadenocarcinoma - Recurrent(4)","uc002gus.1","BC029877","0.004980424414233992","0","0.0000850919107121479","TPM"
"Ovarian Serous Adenocarcinoma","Ovarian serous cystadenocarcinoma(262)","Ovarian serous cystadenocarcinoma - Recurrent(4)","uc003mzy.2","BC030116","0.008537227654520153","0","0.0005513315071346451","TPM"
"Ovarian Serous Adenocarcinoma","Ovarian serous cystadenocarcinoma(262)","Ovarian serous cystadenocarcinoma - Recurrent(4)","uc001czu.2","BC030753","0.04840048590127053","0.003979260404893424","0.001398899901545778","TPM"
"Ovarian Serous Adenocarcinoma","Ovarian serous cystadenocarcinoma(262)","Ovarian serous cystadenocarcinoma - Recurrent(4)","uc003ill.2","BC031092","0.011819756397698004","0","0.0000004524920102234007","TPM"
"Ovarian Serous Adenocarcinoma","Ovarian serous cystadenocarcinoma(262)","Ovarian serous cystadenocarcinoma - Recurrent(4)","uc004bqf.1","BC031239","0.001496534444515394","0","0.0033388962924572056","TPM"
"Ovarian Serous Adenocarcinoma","Ovarian serous cystadenocarcinoma(262)","Ovarian serous cystadenocarcinoma - Recurrent(4)","uc003dqh.1","BC031255","0.0031600142792319696","0","0.006215482528767344","TPM"
"Ovarian Serous Adenocarcinoma","Ovarian serous cystadenocarcinoma(262)","Ovarian serous cystadenocarcinoma - Recurrent(4)","uc003qod.2","BC031960","0.02425983321244548","0","0.005916408539322959","TPM"
"Ovarian Serous Adenocarcinoma","Ovarian serous cystadenocarcinoma(262)","Ovarian serous cystadenocarcinoma - Recurrent(4)","uc003xjb.2","BC034319","0.6219231974538632","0.0827398187253282","0.00007234841959674813","TPM"
"Ovarian Serous Adenocarcinoma","Ovarian serous cystadenocarcinoma(262)","Ovarian serous cystadenocarcinoma - Recurrent(4)","uc002wse.2","BC034426","0.0029960400859940996","0","0.00007154102312383955","TPM"
"Ovarian Serous Adenocarcinoma","Ovarian serous cystadenocarcinoma(262)","Ovarian serous cystadenocarcinoma - Recurrent(4)","uc002lff.2","BC034434","0.005096453752731652","0","0.00005805906012015006","TPM"
"Ovarian Serous Adenocarcinoma","Ovarian serous cystadenocarcinoma(262)","Ovarian serous cystadenocarcinoma - Recurrent(4)","uc001rvm.2","BC034605","0.0039931147005980855","0","0.000263226673584977","TPM"
"Ovarian Serous Adenocarcinoma","Ovarian serous cystadenocarcinoma(262)","Ovarian serous cystadenocarcinoma - Recurrent(4)","uc003wwo.1","BC035181","0.005707488572077986","0","0.0000000000000055002907105436434","TPM"
"Ovarian Serous Adenocarcinoma","Ovarian serous cystadenocarcinoma(262)","Ovarian serous cystadenocarcinoma - Recurrent(4)","uc003fky.2","BC036236","0.00329022838889542","0","0.00002980434699187147","TPM"
"Ovarian Serous Adenocarcinoma","Ovarian serous cystadenocarcinoma(262)","Ovarian serous cystadenocarcinoma - Recurrent(4)","uc003ksb.2","BC036311","0.007920800765649444","0","0.00000000000002444556153204643","TPM"
"Ovarian Serous Adenocarcinoma","Ovarian serous cystadenocarcinoma(262)","Ovarian serous cystadenocarcinoma - Recurrent(4)","uc002qnp.1","BC036412","0.8348391363967512","0.013209298102317477","6.479469488599765e-20","TPM"
"Ovarian Serous Adenocarcinoma","Ovarian serous cystadenocarcinoma(262)","Ovarian serous cystadenocarcinoma - Recurrent(4)","uc003pod.2","BC037927","0.009023656490631481","0","0.00000013963117397644972","TPM"
"Ovarian Serous Adenocarcinoma","Ovarian serous cystadenocarcinoma(262)","Ovarian serous cystadenocarcinoma - Recurrent(4)","uc001zjy.2","BC037952","0.005211702883457554","0","0.000003180466114802672","TPM"
"Ovarian Serous Adenocarcinoma","Ovarian serous cystadenocarcinoma(262)","Ovarian serous cystadenocarcinoma - Recurrent(4)","uc002lbd.1","BC038429","0.0010296566438349807","0","0.0008423962597333697","TPM"
"Ovarian Serous Adenocarcinoma","Ovarian serous cystadenocarcinoma(262)","Ovarian serous cystadenocarcinoma - Recurrent(4)","uc002vcb.1","BC038530","0.02101660146536231","0","0.00000000000032464206373804926","TPM"
"Ovarian Serous Adenocarcinoma","Ovarian serous cystadenocarcinoma(262)","Ovarian serous cystadenocarcinoma - Recurrent(4)","uc003iui.2","BC038536","0.0022200075447092586","0","0.005360945768366778","TPM"
"Ovarian Serous Adenocarcinoma","Ovarian serous cystadenocarcinoma(262)","Ovarian serous cystadenocarcinoma - Recurrent(4)","uc010fcz.1","BC038723","0.024900705307307713","0","0.0031535901164867755","TPM"
"Ovarian Serous Adenocarcinoma","Ovarian serous cystadenocarcinoma(262)","Ovarian serous cystadenocarcinoma - Recurrent(4)","uc003smw.1","BC038729","0.06240622522426242","0","0.00000009185752699937355","TPM"
"Ovarian Serous Adenocarcinoma","Ovarian serous cystadenocarcinoma(262)","Ovarian serous cystadenocarcinoma - Recurrent(4)","uc003hpw.2","BC038746","0.031054726403654413","0","0.0000004746054066219712","TPM"
"Ovarian Serous Adenocarcinoma","Ovarian serous cystadenocarcinoma(262)","Ovarian serous cystadenocarcinoma - Recurrent(4)","uc003mzz.1","BC038755","0.0029366382122783543","0","0.00047775312875694855","TPM"
"Ovarian Serous Adenocarcinoma","Ovarian serous cystadenocarcinoma(262)","Ovarian serous cystadenocarcinoma - Recurrent(4)","uc001yen.1","BC038791","0.008929985361904114","0","0.00000000007978302038539069","TPM"
"Ovarian Serous Adenocarcinoma","Ovarian serous cystadenocarcinoma(262)","Ovarian serous cystadenocarcinoma - Recurrent(4)","uc001xsz.2","BC038792","0.014025224844347801","0","0.0006208740350373633","TPM"
"Ovarian Serous Adenocarcinoma","Ovarian serous cystadenocarcinoma(262)","Ovarian serous cystadenocarcinoma - Recurrent(4)","uc003uyp.3","BC039094","0.002258082110304819","0","0.0048211523568040295","TPM"
"Ovarian Serous Adenocarcinoma","Ovarian serous cystadenocarcinoma(262)","Ovarian serous cystadenocarcinoma - Recurrent(4)","uc001xyr.1","BC039357","0.0027474962708899384","0","0.00000021421521319960008","TPM"
"Ovarian Serous Adenocarcinoma","Ovarian serous cystadenocarcinoma(262)","Ovarian serous cystadenocarcinoma - Recurrent(4)","uc003jsw.1","BC039381","0.005866143799398313","0","0.0000000036321756530141407","TPM"
"Ovarian Serous Adenocarcinoma","Ovarian serous cystadenocarcinoma(262)","Ovarian serous cystadenocarcinoma - Recurrent(4)","uc002dcf.2","BC039386","0.005635473001096437","0","0.00012683521131481282","TPM"
"Ovarian Serous Adenocarcinoma","Ovarian serous cystadenocarcinoma(262)","Ovarian serous cystadenocarcinoma - Recurrent(4)","uc002twd.2","BC040861","0.0029062286057886548","0","0.008300164098892853","TPM"
"Ovarian Serous Adenocarcinoma","Ovarian serous cystadenocarcinoma(262)","Ovarian serous cystadenocarcinoma - Recurrent(4)","uc002gyh.1","BC041488","0.6838768436365104","0.03949957575459882","0.0005675267124401365","TPM"
"Ovarian Serous Adenocarcinoma","Ovarian serous cystadenocarcinoma(262)","Ovarian serous cystadenocarcinoma - Recurrent(4)","uc002krz.2","BC041855","0.004136183959574327","0","0.0028388205898958042","TPM"
"Ovarian Serous Adenocarcinoma","Ovarian serous cystadenocarcinoma(262)","Ovarian serous cystadenocarcinoma - Recurrent(4)","uc002pjg.2","BC042033","0.015559222427160364","0","0.000012143781933740756","TPM"
"Ovarian Serous Adenocarcinoma","Ovarian serous cystadenocarcinoma(262)","Ovarian serous cystadenocarcinoma - Recurrent(4)","uc001bry.3","BC042538","0.0023298488011429474","0","0.005880278772532382","TPM"
"Ovarian Serous Adenocarcinoma","Ovarian serous cystadenocarcinoma(262)","Ovarian serous cystadenocarcinoma - Recurrent(4)","uc003jfp.2","BC043001","0.011233305684396452","0","0.00002071366490171073","TPM"
"Ovarian Serous Adenocarcinoma","Ovarian serous cystadenocarcinoma(262)","Ovarian serous cystadenocarcinoma - Recurrent(4)","uc003jsu.1","BC043229","0.002631344578103255","0","0.000012624568269392508","TPM"
"Ovarian Serous Adenocarcinoma","Ovarian serous cystadenocarcinoma(262)","Ovarian serous cystadenocarcinoma - Recurrent(4)","uc003ixc.1","BC043280","0.00190960549647038","0","0.0003829205748708562","TPM"
"Ovarian Serous Adenocarcinoma","Ovarian serous cystadenocarcinoma(262)","Ovarian serous cystadenocarcinoma - Recurrent(4)","uc002gyk.1","BC043529","0.09792704981012856","0.0057117509848257","0.0001355946979092785","TPM"
"Ovarian Serous Adenocarcinoma","Ovarian serous cystadenocarcinoma(262)","Ovarian serous cystadenocarcinoma - Recurrent(4)","uc001qda.2","BC043578","0.12126680878308409","0","0.00000003311342101358661","TPM"
"Ovarian Serous Adenocarcinoma","Ovarian serous cystadenocarcinoma(262)","Ovarian serous cystadenocarcinoma - Recurrent(4)","uc003krz.2","BC044609","0.013151026717373638","0","0.0017257109365242378","TPM"
"Ovarian Serous Adenocarcinoma","Ovarian serous cystadenocarcinoma(262)","Ovarian serous cystadenocarcinoma - Recurrent(4)","uc001tca.2","BC044741","0.03889398033387388","0","0.00000000000008207867401312907","TPM"
"Ovarian Serous Adenocarcinoma","Ovarian serous cystadenocarcinoma(262)","Ovarian serous cystadenocarcinoma - Recurrent(4)","uc003hap.2","BC044946","0.003915227897859591","0","0.00001204273529149017","TPM"
"Ovarian Serous Adenocarcinoma","Ovarian serous cystadenocarcinoma(262)","Ovarian serous cystadenocarcinoma - Recurrent(4)","uc002uiw.2","BC046497","0.15430509852853083","0","0.0000000009623994791094121","TPM"
"Ovarian Serous Adenocarcinoma","Ovarian serous cystadenocarcinoma(262)","Ovarian serous cystadenocarcinoma - Recurrent(4)","uc001cyn.2","BC048114","0.005541945376621566","0","0.0012965430837423122","TPM"
"Ovarian Serous Adenocarcinoma","Ovarian serous cystadenocarcinoma(262)","Ovarian serous cystadenocarcinoma - Recurrent(4)","uc002ykx.2","BC051441","0.33704133387267354","0","0.00000677568742523561","TPM"
"Ovarian Serous Adenocarcinoma","Ovarian serous cystadenocarcinoma(262)","Ovarian serous cystadenocarcinoma - Recurrent(4)","uc002nsa.1","BC068609","0.3112104087599169","0.0388291041233157","0.00006638554947136603","TPM"
"Ovarian Serous Adenocarcinoma","Ovarian serous cystadenocarcinoma(262)","Ovarian serous cystadenocarcinoma - Recurrent(4)","uc002gyi.1","BC072410","0.32103334629426683","0","0.00000000000002067968785740401","TPM"
"Ovarian Serous Adenocarcinoma","Ovarian serous cystadenocarcinoma(262)","Ovarian serous cystadenocarcinoma - Recurrent(4)","uc002jil.2","BC094791","0.0018385008677986544","0","0.0000012330739896190651","TPM"
"Ovarian Serous Adenocarcinoma","Ovarian serous cystadenocarcinoma(262)","Ovarian serous cystadenocarcinoma - Recurrent(4)","uc009xhl.2","BC127786","0.031547794167028395","0","0.00005054237636138223","TPM"
"Ovarian Serous Adenocarcinoma","Ovarian serous cystadenocarcinoma(262)","Ovarian serous cystadenocarcinoma - Recurrent(4)","uc010uyv.1","BCAR4","0.4598812218223089","0","0.00987664709467713","TPM"
"Ovarian Serous Adenocarcinoma","Ovarian serous cystadenocarcinoma(262)","Ovarian serous cystadenocarcinoma - Recurrent(4)","uc010smm.1","BCDIN3D-AS1","0.006364780702299364","0","0.0011277090755544197","TPM"
"Ovarian Serous Adenocarcinoma","Ovarian serous cystadenocarcinoma(262)","Ovarian serous cystadenocarcinoma - Recurrent(4)","uc009yip.2","BDNF-AS","0.07141318504630988","7.545775877852724e-179","0.00000000016625356168920973","TPM"
"Ovarian Serous Adenocarcinoma","Ovarian serous cystadenocarcinoma(262)","Ovarian serous cystadenocarcinoma - Recurrent(4)","uc009yiq.2","BDNF-AS","0.04816591188072649","1.08963151888243e-30","0.00010138279284797912","TPM"
"Ovarian Serous Adenocarcinoma","Ovarian serous cystadenocarcinoma(262)","Ovarian serous cystadenocarcinoma - Recurrent(4)","uc009yik.2","BDNF-AS","0.3170579598649142","1.7529596348330323e-81","6.249772831765865e-17","TPM"
"Ovarian Serous Adenocarcinoma","Ovarian serous cystadenocarcinoma(262)","Ovarian serous cystadenocarcinoma - Recurrent(4)","uc002jim.2","BX647864","0.006695720866471729","0","0.0000016758224912520902","TPM"
"Ovarian Serous Adenocarcinoma","Ovarian serous cystadenocarcinoma(262)","Ovarian serous cystadenocarcinoma - Recurrent(4)","uc010dcv.1","BZRAP1-AS1","0.3347720489288926","2.4016884659919776e-110","0.000000000000014125554969724297","TPM"
"Ovarian Serous Adenocarcinoma","Ovarian serous cystadenocarcinoma(262)","Ovarian serous cystadenocarcinoma - Recurrent(4)","uc002iwc.2","BZRAP1-AS1","0.20384282718566268","2.6520972728239627e-140","0.0000000018473697950363645","TPM"
"Ovarian Serous Adenocarcinoma","Ovarian serous cystadenocarcinoma(262)","Ovarian serous cystadenocarcinoma - Recurrent(4)","uc010vwp.1","C17orf76-AS1","0.28716990136872234","6.3259389210539e-81","2.811429375380783e-20","TPM"
"Ovarian Serous Adenocarcinoma","Ovarian serous cystadenocarcinoma(262)","Ovarian serous cystadenocarcinoma - Recurrent(4)","uc010cpd.2","C17orf76-AS1","1.2916683467097447","0.0016848839210524009","0.000000007576272576621307","TPM"
"Ovarian Serous Adenocarcinoma","Ovarian serous cystadenocarcinoma(262)","Ovarian serous cystadenocarcinoma - Recurrent(4)","uc001hmw.1","C1orf140","0.012793719600915762","0","0.000000007345631409462175","TPM"
"Ovarian Serous Adenocarcinoma","Ovarian serous cystadenocarcinoma(262)","Ovarian serous cystadenocarcinoma - Recurrent(4)","uc001dke.1","C1orf180","0.025155024894246925","6.702415067304736e-39","0.009210875758556858","TPM"
"Ovarian Serous Adenocarcinoma","Ovarian serous cystadenocarcinoma(262)","Ovarian serous cystadenocarcinoma - Recurrent(4)","uc002jwo.2","C1QTNF1-AS1","0.019838040548763695","0","0.00000000001649270319080898","TPM"
"Ovarian Serous Adenocarcinoma","Ovarian serous cystadenocarcinoma(262)","Ovarian serous cystadenocarcinoma - Recurrent(4)","uc002yyd.3","C21orf88","0.7162821375029862","0.06331456485365419","0.00004970685182323793","TPM"
"Ovarian Serous Adenocarcinoma","Ovarian serous cystadenocarcinoma(262)","Ovarian serous cystadenocarcinoma - Recurrent(4)","uc010gok.2","C21orf88","0.19718462892401392","0.0104152267422181","0.0000008830570928266017","TPM"
"Ovarian Serous Adenocarcinoma","Ovarian serous cystadenocarcinoma(262)","Ovarian serous cystadenocarcinoma - Recurrent(4)","uc003wud.1","C8orf49","0.19357762701373502","0.00715585001624115","0.000000000502492721407866","TPM"
"Ovarian Serous Adenocarcinoma","Ovarian serous cystadenocarcinoma(262)","Ovarian serous cystadenocarcinoma - Recurrent(4)","uc010miw.1","CDKN2B-AS1","0.02936797415595834","1.36587730008871e-225","0.000000015930628072858266","TPM"
"Ovarian Serous Adenocarcinoma","Ovarian serous cystadenocarcinoma(262)","Ovarian serous cystadenocarcinoma - Recurrent(4)","uc001kpt.2","chromosome 10 open reading frame 139","0.015439271199922295","0","0.000002827247366250695","TPM"
"Ovarian Serous Adenocarcinoma","Ovarian serous cystadenocarcinoma(262)","Ovarian serous cystadenocarcinoma - Recurrent(4)","uc001dgv.2","CR936677","0.07501099709242554","0.017180537476287967","0.0006927182871628638","TPM"
"Ovarian Serous Adenocarcinoma","Ovarian serous cystadenocarcinoma(262)","Ovarian serous cystadenocarcinoma - Recurrent(4)","uc010vhb.1","CRNDE","2.289469923518844","0.0896757404366285","0.0032417247562482035","TPM"
"Ovarian Serous Adenocarcinoma","Ovarian serous cystadenocarcinoma(262)","Ovarian serous cystadenocarcinoma - Recurrent(4)","uc009vov.1","CROCCP2","0.21198330073737587","0","2.8370933324092983e-27","TPM"
"Ovarian Serous Adenocarcinoma","Ovarian serous cystadenocarcinoma(262)","Ovarian serous cystadenocarcinoma - Recurrent(4)","uc001xuw.1","DIO2-AS1","0.003224281284089356","0","0.0007043219903405158","TPM"
"Ovarian Serous Adenocarcinoma","Ovarian serous cystadenocarcinoma(262)","Ovarian serous cystadenocarcinoma - Recurrent(4)","uc009zcf.1","DJ031150","0.1273232162531201","0","0.000000000000009417390302831934","TPM"
"Ovarian Serous Adenocarcinoma","Ovarian serous cystadenocarcinoma(262)","Ovarian serous cystadenocarcinoma - Recurrent(4)","uc001vdx.2","DLEU2","0.02044237057875683","1.7063536022573094e-246","0.0006370064956900709","TPM"
"Ovarian Serous Adenocarcinoma","Ovarian serous cystadenocarcinoma(262)","Ovarian serous cystadenocarcinoma - Recurrent(4)","uc001vdz.2","DLEU2","0.3541899712078201","7.426633516354025e-83","7.286188625852081e-23","TPM"
"Ovarian Serous Adenocarcinoma","Ovarian serous cystadenocarcinoma(262)","Ovarian serous cystadenocarcinoma - Recurrent(4)","uc001vdo.1","DLEU2","0.014745781619034386","0","0.000000012585063252044644","TPM"
"Ovarian Serous Adenocarcinoma","Ovarian serous cystadenocarcinoma(262)","Ovarian serous cystadenocarcinoma - Recurrent(4)","uc010lfo.1","DLX6-AS1","0.007205009607039516","0","0.0000070953272292954375","TPM"
"Ovarian Serous Adenocarcinoma","Ovarian serous cystadenocarcinoma(262)","Ovarian serous cystadenocarcinoma - Recurrent(4)","uc001kqk.1","DNMBP-AS1","0.12732933028857768","0.021437399208378904","0.000000004102282070319974","TPM"
"Ovarian Serous Adenocarcinoma","Ovarian serous cystadenocarcinoma(262)","Ovarian serous cystadenocarcinoma - Recurrent(4)","uc003oqk.1","DQ141194","0.008507046578234655","0","0.00010650723131021704","TPM"
"Ovarian Serous Adenocarcinoma","Ovarian serous cystadenocarcinoma(262)","Ovarian serous cystadenocarcinoma - Recurrent(4)","uc010lky.1","EF565094","0.004826069774676329","0","0.000000003523592804628078","TPM"
"Ovarian Serous Adenocarcinoma","Ovarian serous cystadenocarcinoma(262)","Ovarian serous cystadenocarcinoma - Recurrent(4)","uc003wpk.2","ERICH1-AS1","0.0022260745703857224","0","0.00549771823848668","TPM"
"Ovarian Serous Adenocarcinoma","Ovarian serous cystadenocarcinoma(262)","Ovarian serous cystadenocarcinoma - Recurrent(4)","uc002tjz.2","FAM138B","0.014652832983082106","0","0.004194124501505579","TPM"
"Ovarian Serous Adenocarcinoma","Ovarian serous cystadenocarcinoma(262)","Ovarian serous cystadenocarcinoma - Recurrent(4)","uc010ygp.1","FJ997633","0.009321096400524006","0","0.002106749663160334","TPM"
"Ovarian Serous Adenocarcinoma","Ovarian serous cystadenocarcinoma(262)","Ovarian serous cystadenocarcinoma - Recurrent(4)","uc010qpy.1","FLJ41350","0.08368633695247416","0","0.002967034452451481","TPM"
"Ovarian Serous Adenocarcinoma","Ovarian serous cystadenocarcinoma(262)","Ovarian serous cystadenocarcinoma - Recurrent(4)","uc003qib.1","FLJ46906","0.08103395196834628","0.002783063646709025","0.000000007726100626438426","TPM"
"Ovarian Serous Adenocarcinoma","Ovarian serous cystadenocarcinoma(262)","Ovarian serous cystadenocarcinoma - Recurrent(4)","uc001hjs.3","FLVCR1-AS1","0.17334130162520303","3.06973034068245e-158","9.383520622872194e-18","TPM"
"Ovarian Serous Adenocarcinoma","Ovarian serous cystadenocarcinoma(262)","Ovarian serous cystadenocarcinoma - Recurrent(4)","uc010qbf.1","GATA3-AS1","0.0038319988708849016","0","0.0014978332707221297","TPM"
"Ovarian Serous Adenocarcinoma","Ovarian serous cystadenocarcinoma(262)","Ovarian serous cystadenocarcinoma - Recurrent(4)","uc011acu.1","GRIK1-AS1","0.017231138503369547","0","0.008258909195938493","TPM"
"Ovarian Serous Adenocarcinoma","Ovarian serous cystadenocarcinoma(262)","Ovarian serous cystadenocarcinoma - Recurrent(4)","uc003nsj.1","HCG22","0.0810514912520631","0","0.00018565736183601367","TPM"
"Ovarian Serous Adenocarcinoma","Ovarian serous cystadenocarcinoma(262)","Ovarian serous cystadenocarcinoma - Recurrent(4)","uc003rth.2","HCG9","0.0305962045853716","0","5.3023107127371436e-17","TPM"
"Ovarian Serous Adenocarcinoma","Ovarian serous cystadenocarcinoma(262)","Ovarian serous cystadenocarcinoma - Recurrent(4)","uc003qwj.2","HGC6.1.1","0.20475997577435265","0.01034028355360085","0.000019311629225250952","TPM"
"Ovarian Serous Adenocarcinoma","Ovarian serous cystadenocarcinoma(262)","Ovarian serous cystadenocarcinoma - Recurrent(4)","uc010szm.1","HNF1A-AS1","0.4197217784649153","0.0075737456124241","0.00436245839289896","TPM"
"Ovarian Serous Adenocarcinoma","Ovarian serous cystadenocarcinoma(262)","Ovarian serous cystadenocarcinoma - Recurrent(4)","uc003syp.1","HOXA-AS3","0.18457408771221376","0","0.0000005577748724955004","TPM"
"Ovarian Serous Adenocarcinoma","Ovarian serous cystadenocarcinoma(262)","Ovarian serous cystadenocarcinoma - Recurrent(4)","uc010ooq.1","HSD52","0.03147200887479128","0","6.843792828707985e-16","TPM"
"Ovarian Serous Adenocarcinoma","Ovarian serous cystadenocarcinoma(262)","Ovarian serous cystadenocarcinoma - Recurrent(4)","uc001ysc.2","Ig alpha 1-[alpha]2m","0.3086612084288292","0.0206262616066244","0.0008745279428794441","TPM"
"Ovarian Serous Adenocarcinoma","Ovarian serous cystadenocarcinoma(262)","Ovarian serous cystadenocarcinoma - Recurrent(4)","uc010rnk.1","KCNK4","0.011107472623490251","0","0.0008289167589272216","TPM"
"Ovarian Serous Adenocarcinoma","Ovarian serous cystadenocarcinoma(262)","Ovarian serous cystadenocarcinoma - Recurrent(4)","uc001qef.1","KIRREL3-AS3","0.02459458209394846","0","0.000004829792956836135","TPM"
"Ovarian Serous Adenocarcinoma","Ovarian serous cystadenocarcinoma(262)","Ovarian serous cystadenocarcinoma - Recurrent(4)","uc003anh.2","LARGE-AS1","0.0026389542846332998","0","0.0005084754818329213","TPM"
"Ovarian Serous Adenocarcinoma","Ovarian serous cystadenocarcinoma(262)","Ovarian serous cystadenocarcinoma - Recurrent(4)","uc003vcg.2","LHFPL3-AS1","0.007770373029158142","0","0.00009747914281948","TPM"
"Ovarian Serous Adenocarcinoma","Ovarian serous cystadenocarcinoma(262)","Ovarian serous cystadenocarcinoma - Recurrent(4)","uc002yed.2","LINC00029","0.0015080338127399274","0","0.0010529601124175181","TPM"
"Ovarian Serous Adenocarcinoma","Ovarian serous cystadenocarcinoma(262)","Ovarian serous cystadenocarcinoma - Recurrent(4)","uc002ylk.2","LINC00158","0.0047887966897932205","5.934651625115825e-176","0.00935104085444905","TPM"
"Ovarian Serous Adenocarcinoma","Ovarian serous cystadenocarcinoma(262)","Ovarian serous cystadenocarcinoma - Recurrent(4)","uc003psp.1","LINC00222","0.004842860389321895","1.0460482280380024e-120","0.005359404205104343","TPM"
"Ovarian Serous Adenocarcinoma","Ovarian serous cystadenocarcinoma(262)","Ovarian serous cystadenocarcinoma - Recurrent(4)","uc003psq.2","LINC00222","0.006184691280173324","0","0.0028876383637322965","TPM"
"Ovarian Serous Adenocarcinoma","Ovarian serous cystadenocarcinoma(262)","Ovarian serous cystadenocarcinoma - Recurrent(4)","uc003pso.1","LINC00222","0.006532665303227597","0","0.002315697305930713","TPM"
"Ovarian Serous Adenocarcinoma","Ovarian serous cystadenocarcinoma(262)","Ovarian serous cystadenocarcinoma - Recurrent(4)","uc010tsq.1","LINC00238","0.0021822955874944167","0","0.005807672718851659","TPM"
"Ovarian Serous Adenocarcinoma","Ovarian serous cystadenocarcinoma(262)","Ovarian serous cystadenocarcinoma - Recurrent(4)","uc004dxj.1","LINC00269","0.004095137341270616","0","0.000051120814256074735","TPM"
"Ovarian Serous Adenocarcinoma","Ovarian serous cystadenocarcinoma(262)","Ovarian serous cystadenocarcinoma - Recurrent(4)","uc002art.2","LINC00277","0.021417172160058555","0","0.007778607979028686","TPM"
"Ovarian Serous Adenocarcinoma","Ovarian serous cystadenocarcinoma(262)","Ovarian serous cystadenocarcinoma - Recurrent(4)","uc010eww.1","LINC00299","0.008317473253699276","0","0.000000001159415327857459","TPM"
"Ovarian Serous Adenocarcinoma","Ovarian serous cystadenocarcinoma(262)","Ovarian serous cystadenocarcinoma - Recurrent(4)","uc001haj.2","LINC00303","0.007672208483003549","0","0.00000000165736894411525","TPM"
"Ovarian Serous Adenocarcinoma","Ovarian serous cystadenocarcinoma(262)","Ovarian serous cystadenocarcinoma - Recurrent(4)","uc001hak.2","LINC00303","0.008680426801812023","0","0.000010774743148762667","TPM"
"Ovarian Serous Adenocarcinoma","Ovarian serous cystadenocarcinoma(262)","Ovarian serous cystadenocarcinoma - Recurrent(4)","uc011ecp.1","LINC00326","0.009825704876537772","0","0.00005882391341341605","TPM"
"Ovarian Serous Adenocarcinoma","Ovarian serous cystadenocarcinoma(262)","Ovarian serous cystadenocarcinoma - Recurrent(4)","uc001bfm.3","LINC00339","0.1326380133832045","6.068589729593025e-272","0.0003083516614352294","TPM"
"Ovarian Serous Adenocarcinoma","Ovarian serous cystadenocarcinoma(262)","Ovarian serous cystadenocarcinoma - Recurrent(4)","uc003ndk.1","LINC00340","0.025169840073995167","0","0.00000000027297731598491703","TPM"
"Ovarian Serous Adenocarcinoma","Ovarian serous cystadenocarcinoma(262)","Ovarian serous cystadenocarcinoma - Recurrent(4)","uc011djk.1","LINC00340","0.028290252765429347","4.7283221124015495e-126","0.000002947888168026696","TPM"
"Ovarian Serous Adenocarcinoma","Ovarian serous cystadenocarcinoma(262)","Ovarian serous cystadenocarcinoma - Recurrent(4)","uc001vqf.1","LINC00343","0.007026650189947373","0","0.000332135146648299","TPM"
"Ovarian Serous Adenocarcinoma","Ovarian serous cystadenocarcinoma(262)","Ovarian serous cystadenocarcinoma - Recurrent(4)","uc001vjk.2","LINC00347","0.006156195526508363","0","0.000004097941310352783","TPM"
"Ovarian Serous Adenocarcinoma","Ovarian serous cystadenocarcinoma(262)","Ovarian serous cystadenocarcinoma - Recurrent(4)","uc001uma.1","LINC00442","0.0041933774231905545","0","0.0064551434775079585","TPM"
"Ovarian Serous Adenocarcinoma","Ovarian serous cystadenocarcinoma(262)","Ovarian serous cystadenocarcinoma - Recurrent(4)","uc011cub.1","LINC00461","0.04106171454545916","0.004065045422691175","0.0020686397983065707","TPM"
"Ovarian Serous Adenocarcinoma","Ovarian serous cystadenocarcinoma(262)","Ovarian serous cystadenocarcinoma - Recurrent(4)","uc002kle.1","LINC00470","0.06402200588356642","0","0.000379030551799898","TPM"
"Ovarian Serous Adenocarcinoma","Ovarian serous cystadenocarcinoma(262)","Ovarian serous cystadenocarcinoma - Recurrent(4)","uc002kld.1","LINC00470","0.13702489189515854","9.2036404374201e-209","0.0000016206524862453922","TPM"
"Ovarian Serous Adenocarcinoma","Ovarian serous cystadenocarcinoma(262)","Ovarian serous cystadenocarcinoma - Recurrent(4)","uc003quq.3","LINC00473","0.3359561270020396","0.0046351101615628","0.0001163148780866663","TPM"
"Ovarian Serous Adenocarcinoma","Ovarian serous cystadenocarcinoma(262)","Ovarian serous cystadenocarcinoma - Recurrent(4)","uc011aet.1","LINC00479","0.07979718725221034","0.0023728984611616176","0.0000000001739350666760859","TPM"
"Ovarian Serous Adenocarcinoma","Ovarian serous cystadenocarcinoma(262)","Ovarian serous cystadenocarcinoma - Recurrent(4)","uc002rop.1","LINC00486","0.004043568609831294","0","0.00041299093036538116","TPM"
"Ovarian Serous Adenocarcinoma","Ovarian serous cystadenocarcinoma(262)","Ovarian serous cystadenocarcinoma - Recurrent(4)","uc003xtg.2","LINC00588","0.0014564556339358296","0","0.00666996042010811","TPM"
"Ovarian Serous Adenocarcinoma","Ovarian serous cystadenocarcinoma(262)","Ovarian serous cystadenocarcinoma - Recurrent(4)","uc003xhn.2","LINC00589","0.014387296401772828","0","0.000044027864177894734","TPM"
"Ovarian Serous Adenocarcinoma","Ovarian serous cystadenocarcinoma(262)","Ovarian serous cystadenocarcinoma - Recurrent(4)","uc003bvx.1","LINC00606","0.0013685952118315107","0","0.0077876080722595825","TPM"
"Ovarian Serous Adenocarcinoma","Ovarian serous cystadenocarcinoma(262)","Ovarian serous cystadenocarcinoma - Recurrent(4)","uc001gfq.2","LINC00626","0.26284978360863975","0.0064712582629009256","0.000000000000009459995109860533","TPM"
"Ovarian Serous Adenocarcinoma","Ovarian serous cystadenocarcinoma(262)","Ovarian serous cystadenocarcinoma - Recurrent(4)","uc004exn.1","LINC00629","0.32585857597237894","0.07886526131171911","0.0018237211707634161","TPM"
"Ovarian Serous Adenocarcinoma","Ovarian serous cystadenocarcinoma(262)","Ovarian serous cystadenocarcinoma - Recurrent(4)","uc001wun.2","LINC00639","0.1836193582877736","0.00000000000008157084895556199","0.00017574502633779674","TPM"
"Ovarian Serous Adenocarcinoma","Ovarian serous cystadenocarcinoma(262)","Ovarian serous cystadenocarcinoma - Recurrent(4)","uc002wri.3","LINC00652","0.026400911830245413","1.98789717842973e-56","0.000000018689960625409236","TPM"
"Ovarian Serous Adenocarcinoma","Ovarian serous cystadenocarcinoma(262)","Ovarian serous cystadenocarcinoma - Recurrent(4)","uc002gnl.1","LINC00670","0.003438685067483424","0","0.0000744955022827975","TPM"
"Ovarian Serous Adenocarcinoma","Ovarian serous cystadenocarcinoma(262)","Ovarian serous cystadenocarcinoma - Recurrent(4)","uc002gnm.1","LINC00670","0.0045686868423342","0","0.00005523671874319555","TPM"
"Ovarian Serous Adenocarcinoma","Ovarian serous cystadenocarcinoma(262)","Ovarian serous cystadenocarcinoma - Recurrent(4)","uc002ibz.2","LINC00671","0.06582607441255994","0.007676539131772001","0.009320999393462193","TPM"
"Ovarian Serous Adenocarcinoma","Ovarian serous cystadenocarcinoma(262)","Ovarian serous cystadenocarcinoma - Recurrent(4)","uc009yjc.1","LINC00678","0.013009011249736703","0","0.00006094136157659798","TPM"
"Ovarian Serous Adenocarcinoma","Ovarian serous cystadenocarcinoma(262)","Ovarian serous cystadenocarcinoma - Recurrent(4)","uc001ihe.3","LINC00704","0.03844212307671029","0","7.550643183392025e-22","TPM"
"Ovarian Serous Adenocarcinoma","Ovarian serous cystadenocarcinoma(262)","Ovarian serous cystadenocarcinoma - Recurrent(4)","uc001ihf.3","LINC00704","0.04164917295499381","0","9.703590509676977e-25","TPM"
"Ovarian Serous Adenocarcinoma","Ovarian serous cystadenocarcinoma(262)","Ovarian serous cystadenocarcinoma - Recurrent(4)","uc001ixd.2","LINC00838","0.0012002818142599519","0","0.0004673739473688097","TPM"
"Ovarian Serous Adenocarcinoma","Ovarian serous cystadenocarcinoma(262)","Ovarian serous cystadenocarcinoma - Recurrent(4)","uc010hpq.2","LINC00883","0.16318150027716702","0","7.891643704967239e-26","TPM"
"Ovarian Serous Adenocarcinoma","Ovarian serous cystadenocarcinoma(262)","Ovarian serous cystadenocarcinoma - Recurrent(4)","uc004eph.2","LINC00890","0.024494046102048594","0","0.0000017678834322898863","TPM"
"Ovarian Serous Adenocarcinoma","Ovarian serous cystadenocarcinoma(262)","Ovarian serous cystadenocarcinoma - Recurrent(4)","uc011are.1","LINC00898","0.02915709182015611","0","0.00011629177250164578","TPM"
"Ovarian Serous Adenocarcinoma","Ovarian serous cystadenocarcinoma(262)","Ovarian serous cystadenocarcinoma - Recurrent(4)","uc002egx.2","LINC00918","0.0035331633001596504","0","0.0035166761572180015","TPM"
"Ovarian Serous Adenocarcinoma","Ovarian serous cystadenocarcinoma(262)","Ovarian serous cystadenocarcinoma - Recurrent(4)","uc002bug.1","LINC00923","0.02003314274322364","0","0.0009602251310268721","TPM"
"Ovarian Serous Adenocarcinoma","Ovarian serous cystadenocarcinoma(262)","Ovarian serous cystadenocarcinoma - Recurrent(4)","uc010urh.1","LINC00924","0.23347628098433337","0.03163818739192105","0.00008456357981494429","TPM"
"Ovarian Serous Adenocarcinoma","Ovarian serous cystadenocarcinoma(262)","Ovarian serous cystadenocarcinoma - Recurrent(4)","uc002bfo.2","LINC00927","0.003387134704810762","0","0.000017000150143270707","TPM"
"Ovarian Serous Adenocarcinoma","Ovarian serous cystadenocarcinoma(262)","Ovarian serous cystadenocarcinoma - Recurrent(4)","uc001rsg.3","LINC00935","0.008222906822672918","0","0.008477120104231201","TPM"
"Ovarian Serous Adenocarcinoma","Ovarian serous cystadenocarcinoma(262)","Ovarian serous cystadenocarcinoma - Recurrent(4)","uc002rde.1","LINC00954","0.23140828024941926","0.025025124905968726","0.00022532424256698549","TPM"
"Ovarian Serous Adenocarcinoma","Ovarian serous cystadenocarcinoma(262)","Ovarian serous cystadenocarcinoma - Recurrent(4)","uc001uhj.2","LOC100128554","0.01584545718183827","0","0.0000010881662001800362","TPM"
"Ovarian Serous Adenocarcinoma","Ovarian serous cystadenocarcinoma(262)","Ovarian serous cystadenocarcinoma - Recurrent(4)","uc003bip.2","LOC100128946","0.12836010681574922","0.0027473009159762873","0.0000009877106197301589","TPM"
"Ovarian Serous Adenocarcinoma","Ovarian serous cystadenocarcinoma(262)","Ovarian serous cystadenocarcinoma - Recurrent(4)","uc010jqw.1","LOC100129195","0.5517051546966066","0.1995802241790165","0.009069904341320724","TPM"
"Ovarian Serous Adenocarcinoma","Ovarian serous cystadenocarcinoma(262)","Ovarian serous cystadenocarcinoma - Recurrent(4)","uc010nxz.1","LOC100130417","0.034984739945660016","0","0.0000008249628309692725","TPM"
"Ovarian Serous Adenocarcinoma","Ovarian serous cystadenocarcinoma(262)","Ovarian serous cystadenocarcinoma - Recurrent(4)","uc003oof.1","LOC100131047","0.004279873492439331","0","0.0000016093303072141921","TPM"
"Ovarian Serous Adenocarcinoma","Ovarian serous cystadenocarcinoma(262)","Ovarian serous cystadenocarcinoma - Recurrent(4)","uc001czf.2","LOC100131060","0.19871090036744615","2.9902249926789248e-264","0.0000000000000011272085082525146","TPM"
"Ovarian Serous Adenocarcinoma","Ovarian serous cystadenocarcinoma(262)","Ovarian serous cystadenocarcinoma - Recurrent(4)","uc001trz.2","LOC100131138","0.030488684895826422","0","0.0041791563860618785","TPM"
"Ovarian Serous Adenocarcinoma","Ovarian serous cystadenocarcinoma(262)","Ovarian serous cystadenocarcinoma - Recurrent(4)","uc003mns.2","LOC100133331","0.08704799404638247","0.002712350650945125","0.000001287532994661838","TPM"
"Ovarian Serous Adenocarcinoma","Ovarian serous cystadenocarcinoma(262)","Ovarian serous cystadenocarcinoma - Recurrent(4)","uc003ghl.2","LOC100133461","0.0055952655143614435","0","0.00024835541455782277","TPM"
"Ovarian Serous Adenocarcinoma","Ovarian serous cystadenocarcinoma(262)","Ovarian serous cystadenocarcinoma - Recurrent(4)","uc002tyu.1","LOC100144595","0.007838135546802663","0","0.000000005034127709003085","TPM"
"Ovarian Serous Adenocarcinoma","Ovarian serous cystadenocarcinoma(262)","Ovarian serous cystadenocarcinoma - Recurrent(4)","uc001grn.3","LOC100288079","0.011567442608884959","0","0.000000007412588247308496","TPM"
"Ovarian Serous Adenocarcinoma","Ovarian serous cystadenocarcinoma(262)","Ovarian serous cystadenocarcinoma - Recurrent(4)","uc011lus.1","LOC100499484-C9ORF174","0.016123247068784683","0","0.0010357205891085015","TPM"
"Ovarian Serous Adenocarcinoma","Ovarian serous cystadenocarcinoma(262)","Ovarian serous cystadenocarcinoma - Recurrent(4)","uc003hlf.2","LOC100505702","0.16754683578113294","0.016603109410542903","0.0062092682936559125","TPM"
"Ovarian Serous Adenocarcinoma","Ovarian serous cystadenocarcinoma(262)","Ovarian serous cystadenocarcinoma - Recurrent(4)","uc003hls.2","LOC100505875","0.005518626068566966","0","0.0008115514376494468","TPM"
"Ovarian Serous Adenocarcinoma","Ovarian serous cystadenocarcinoma(262)","Ovarian serous cystadenocarcinoma - Recurrent(4)","uc003iwz.1","LOC100506229","0.004795118792623151","0","0.004930069977960852","TPM"
"Ovarian Serous Adenocarcinoma","Ovarian serous cystadenocarcinoma(262)","Ovarian serous cystadenocarcinoma - Recurrent(4)","uc002tck.1","LOC100506421","0.20020705683419682","0.00171304885165873","0.005075404140234433","TPM"
"Ovarian Serous Adenocarcinoma","Ovarian serous cystadenocarcinoma(262)","Ovarian serous cystadenocarcinoma - Recurrent(4)","uc001hwe.2","LOC100506795","0.3561787200868559","0.055492735726430424","0.00022858142156863482","TPM"
"Ovarian Serous Adenocarcinoma","Ovarian serous cystadenocarcinoma(262)","Ovarian serous cystadenocarcinoma - Recurrent(4)","uc002uvy.1","LOC100507140","0.009690010961967418","0","0.000000028912565864333412","TPM"
"Ovarian Serous Adenocarcinoma","Ovarian serous cystadenocarcinoma(262)","Ovarian serous cystadenocarcinoma - Recurrent(4)","uc002cwa.1","LOC100507501","1.9734953501799686","3.4454443990612376","0.0022928197068535117","TPM"
"Ovarian Serous Adenocarcinoma","Ovarian serous cystadenocarcinoma(262)","Ovarian serous cystadenocarcinoma - Recurrent(4)","uc003qlb.2","LOC100507557","0.23805453748240152","3.764289175977138e-48","0.00000000003963662715195406","TPM"
"Ovarian Serous Adenocarcinoma","Ovarian serous cystadenocarcinoma(262)","Ovarian serous cystadenocarcinoma - Recurrent(4)","uc002qyk.2","LOC150622","0.06934818148184695","0.006839938781023058","0.0007683516715107328","TPM"
"Ovarian Serous Adenocarcinoma","Ovarian serous cystadenocarcinoma(262)","Ovarian serous cystadenocarcinoma - Recurrent(4)","uc002tpv.1","LOC151121","0.10093733580453332","0.006392723929005157","0.0004080254380174636","TPM"
"Ovarian Serous Adenocarcinoma","Ovarian serous cystadenocarcinoma(262)","Ovarian serous cystadenocarcinoma - Recurrent(4)","uc002vre.2","LOC151484","0.017063216523174708","0","0.0000010756987675167617","TPM"
"Ovarian Serous Adenocarcinoma","Ovarian serous cystadenocarcinoma(262)","Ovarian serous cystadenocarcinoma - Recurrent(4)","uc003qxl.1","LOC154449","0.024233707161884922","0","0.0000033813355239127144","TPM"
"Ovarian Serous Adenocarcinoma","Ovarian serous cystadenocarcinoma(262)","Ovarian serous cystadenocarcinoma - Recurrent(4)","uc003wsq.1","LOC157273","0.004312395336267181","0","0.0019632506267969305","TPM"
"Ovarian Serous Adenocarcinoma","Ovarian serous cystadenocarcinoma(262)","Ovarian serous cystadenocarcinoma - Recurrent(4)","uc003fqd.1","LOC253573","0.016561742523675132","0","0.009947103013735723","TPM"
"Ovarian Serous Adenocarcinoma","Ovarian serous cystadenocarcinoma(262)","Ovarian serous cystadenocarcinoma - Recurrent(4)","uc002tnh.2","LOC254128","0.017284122434938844","6.0437199273899754e-148","0.006705113118135292","TPM"
"Ovarian Serous Adenocarcinoma","Ovarian serous cystadenocarcinoma(262)","Ovarian serous cystadenocarcinoma - Recurrent(4)","uc001qhs.2","LOC283177","0.10356967261729316","0","0.000019130840939301895","TPM"
"Ovarian Serous Adenocarcinoma","Ovarian serous cystadenocarcinoma(262)","Ovarian serous cystadenocarcinoma - Recurrent(4)","uc002eis.1","LOC283856","0.0904788893915857","0.010287677041571599","0.008812979268726885","TPM"
"Ovarian Serous Adenocarcinoma","Ovarian serous cystadenocarcinoma(262)","Ovarian serous cystadenocarcinoma - Recurrent(4)","uc003izb.1","LOC285441","0.01692918785538309","0","0.00000864583302634633","TPM"
"Ovarian Serous Adenocarcinoma","Ovarian serous cystadenocarcinoma(262)","Ovarian serous cystadenocarcinoma - Recurrent(4)","uc003jfw.2","LOC285696","0.03261225351334944","0.005762623990632916","0.009913604301297145","TPM"
"Ovarian Serous Adenocarcinoma","Ovarian serous cystadenocarcinoma(262)","Ovarian serous cystadenocarcinoma - Recurrent(4)","uc002kmn.1","LOC339290","0.015799030478202334","0","0.0000003930593460362724","TPM"
"Ovarian Serous Adenocarcinoma","Ovarian serous cystadenocarcinoma(262)","Ovarian serous cystadenocarcinoma - Recurrent(4)","uc010osl.1","LOC339524","0.038690155270995154","1.4403747830596276e-108","0.00000001675350151073617","TPM"
"Ovarian Serous Adenocarcinoma","Ovarian serous cystadenocarcinoma(262)","Ovarian serous cystadenocarcinoma - Recurrent(4)","uc001iac.2","LOC339529","0.005960464733973064","0","0.00000000014787489866883824","TPM"
"Ovarian Serous Adenocarcinoma","Ovarian serous cystadenocarcinoma(262)","Ovarian serous cystadenocarcinoma - Recurrent(4)","uc011cya.1","LOC340074","0.002811044183104307","0","0.000009688311181891354","TPM"
"Ovarian Serous Adenocarcinoma","Ovarian serous cystadenocarcinoma(262)","Ovarian serous cystadenocarcinoma - Recurrent(4)","uc003wwf.3","LOC340357","0.005396867186626192","0","0.000036384091188040215","TPM"
"Ovarian Serous Adenocarcinoma","Ovarian serous cystadenocarcinoma(262)","Ovarian serous cystadenocarcinoma - Recurrent(4)","uc003vtp.1","LOC349160","0.006031740587018913","0","0.00000002706881601472244","TPM"
"Ovarian Serous Adenocarcinoma","Ovarian serous cystadenocarcinoma(262)","Ovarian serous cystadenocarcinoma - Recurrent(4)","uc002btm.2","LOC400456","0.4232096301930377","0.05453169333002983","0.000021172700763346703","TPM"
"Ovarian Serous Adenocarcinoma","Ovarian serous cystadenocarcinoma(262)","Ovarian serous cystadenocarcinoma - Recurrent(4)","uc002llb.2","LOC400655","0.1895824627880437","0","0.0007725552068735593","TPM"
"Ovarian Serous Adenocarcinoma","Ovarian serous cystadenocarcinoma(262)","Ovarian serous cystadenocarcinoma - Recurrent(4)","uc002lla.1","LOC400655","0.2582323607003721","0.00609454571228455","0.00008090371321966233","TPM"
"Ovarian Serous Adenocarcinoma","Ovarian serous cystadenocarcinoma(262)","Ovarian serous cystadenocarcinoma - Recurrent(4)","uc001gdd.2","LOC400794","0.05816885463326543","0","0.000000016228085186495676","TPM"
"Ovarian Serous Adenocarcinoma","Ovarian serous cystadenocarcinoma(262)","Ovarian serous cystadenocarcinoma - Recurrent(4)","uc004adp.3","LOC554249","0.21365730027120636","0","0.0000000000000029302726205470815","TPM"
"Ovarian Serous Adenocarcinoma","Ovarian serous cystadenocarcinoma(262)","Ovarian serous cystadenocarcinoma - Recurrent(4)","uc003jgy.2","LOC643401","0.08588598169545632","0.004622284451147175","0.000021432227728850857","TPM"
"Ovarian Serous Adenocarcinoma","Ovarian serous cystadenocarcinoma(262)","Ovarian serous cystadenocarcinoma - Recurrent(4)","uc010iuh.1","LOC643401","0.02900217478907854","0","0.00043513191882592117","TPM"
"Ovarian Serous Adenocarcinoma","Ovarian serous cystadenocarcinoma(262)","Ovarian serous cystadenocarcinoma - Recurrent(4)","uc003jgv.1","LOC643401","0.04574228464316032","0","0.000019202619685764186","TPM"
"Ovarian Serous Adenocarcinoma","Ovarian serous cystadenocarcinoma(262)","Ovarian serous cystadenocarcinoma - Recurrent(4)","uc009vjo.1","LOC643837","0.04479565917386787","1.0925534450448824e-89","0.000007381022048112537","TPM"
"Ovarian Serous Adenocarcinoma","Ovarian serous cystadenocarcinoma(262)","Ovarian serous cystadenocarcinoma - Recurrent(4)","uc003pet.1","LOC648232","0.5873907296206405","0.019754290754145677","0.00010974079703429662","TPM"
"Ovarian Serous Adenocarcinoma","Ovarian serous cystadenocarcinoma(262)","Ovarian serous cystadenocarcinoma - Recurrent(4)","uc003jnc.2","LOC648987","0.018134675492680725","1.9538618234243175e-101","0.0023464124687624785","TPM"
"Ovarian Serous Adenocarcinoma","Ovarian serous cystadenocarcinoma(262)","Ovarian serous cystadenocarcinoma - Recurrent(4)","uc010fkt.2","LOC654433","0.36206970677502154","0.020153097698411747","0.0001828468373351506","TPM"
"Ovarian Serous Adenocarcinoma","Ovarian serous cystadenocarcinoma(262)","Ovarian serous cystadenocarcinoma - Recurrent(4)","uc001ali.1","LOC728716","0.0012427079934890358","0","0.0007455924880051013","TPM"
"Ovarian Serous Adenocarcinoma","Ovarian serous cystadenocarcinoma(262)","Ovarian serous cystadenocarcinoma - Recurrent(4)","uc003ndm.1","LOC729177","0.16887351034098194","0.028323099483103353","0.0000006110989660860202","TPM"
"Ovarian Serous Adenocarcinoma","Ovarian serous cystadenocarcinoma(262)","Ovarian serous cystadenocarcinoma - Recurrent(4)","uc002kvj.1","LOC729950","0.3363664059215184","0.05690629554702552","0.000030001233122186478","TPM"
"Ovarian Serous Adenocarcinoma","Ovarian serous cystadenocarcinoma(262)","Ovarian serous cystadenocarcinoma - Recurrent(4)","uc010dai.2","MAP3K14-AS1","0.3254484272658831","3.452993288760575e-112","0.000000000002688902012148857","TPM"
"Ovarian Serous Adenocarcinoma","Ovarian serous cystadenocarcinoma(262)","Ovarian serous cystadenocarcinoma - Recurrent(4)","uc002zin.2","MCM3AP-AS1","0.17132602981607142","6.1764497782742756e-176","8.728453494706456e-24","TPM"
"Ovarian Serous Adenocarcinoma","Ovarian serous cystadenocarcinoma(262)","Ovarian serous cystadenocarcinoma - Recurrent(4)","uc001yic.2","MEG3","0.03584788204748318","1.9338303876191102e-110","0.00570762591029815","TPM"
"Ovarian Serous Adenocarcinoma","Ovarian serous cystadenocarcinoma(262)","Ovarian serous cystadenocarcinoma - Recurrent(4)","uc001yhz.2","MEG3","0.1279703790101806","1.3736303338206572e-141","0.0009765210111682373","TPM"
"Ovarian Serous Adenocarcinoma","Ovarian serous cystadenocarcinoma(262)","Ovarian serous cystadenocarcinoma - Recurrent(4)","uc010txd.1","MEG3","0.08727884101969183","1.7068597687970474e-29","0.000004070844328743452","TPM"
"Ovarian Serous Adenocarcinoma","Ovarian serous cystadenocarcinoma(262)","Ovarian serous cystadenocarcinoma - Recurrent(4)","uc001yib.2","MEG3","0.1958975089502476","1.2970946675205881e-158","0.000005222588647258251","TPM"
"Ovarian Serous Adenocarcinoma","Ovarian serous cystadenocarcinoma(262)","Ovarian serous cystadenocarcinoma - Recurrent(4)","uc001dil.1","MGC27382","0.002268873858151311","0","0.002105894286560217","TPM"
"Ovarian Serous Adenocarcinoma","Ovarian serous cystadenocarcinoma(262)","Ovarian serous cystadenocarcinoma - Recurrent(4)","uc003qeh.1","MGC34034","0.002065709982382197","0","0.0015572255348052242","TPM"
"Ovarian Serous Adenocarcinoma","Ovarian serous cystadenocarcinoma(262)","Ovarian serous cystadenocarcinoma - Recurrent(4)","uc010ett.1","MIMT1","0.14780471324853947","0","0.0000000017509085569167317","TPM"
"Ovarian Serous Adenocarcinoma","Ovarian serous cystadenocarcinoma(262)","Ovarian serous cystadenocarcinoma - Recurrent(4)","uc009wdx.2","MIR137HG","0.006217870093959099","0","0.00013544232333541367","TPM"
"Ovarian Serous Adenocarcinoma","Ovarian serous cystadenocarcinoma(262)","Ovarian serous cystadenocarcinoma - Recurrent(4)","uc001drx.1","MIR137HG","0.0018120916316534568","0","0.0001346753685795961","TPM"
"Ovarian Serous Adenocarcinoma","Ovarian serous cystadenocarcinoma(262)","Ovarian serous cystadenocarcinoma - Recurrent(4)","uc009xcn.2","MIR205HG","14.89659452716775","0.6970683344633732","0.0000015247844285544886","TPM"
"Ovarian Serous Adenocarcinoma","Ovarian serous cystadenocarcinoma(262)","Ovarian serous cystadenocarcinoma - Recurrent(4)","uc001vlm.1","MIR4500HG","0.008548719906706742","0","0.00018082945755242783","TPM"
"Ovarian Serous Adenocarcinoma","Ovarian serous cystadenocarcinoma(262)","Ovarian serous cystadenocarcinoma - Recurrent(4)","uc004azi.1","NAMA","0.005146720367412678","0","0.00012671412055973558","TPM"
"Ovarian Serous Adenocarcinoma","Ovarian serous cystadenocarcinoma(262)","Ovarian serous cystadenocarcinoma - Recurrent(4)","uc004azj.1","NAMA","0.005146720367412678","0","0.000126744405961399","TPM"
"Ovarian Serous Adenocarcinoma","Ovarian serous cystadenocarcinoma(262)","Ovarian serous cystadenocarcinoma - Recurrent(4)","uc010irm.2","NBLA00301","0.0721002495864019","2.571942088875525e-96","1.5725180929406158e-22","TPM"
"Ovarian Serous Adenocarcinoma","Ovarian serous cystadenocarcinoma(262)","Ovarian serous cystadenocarcinoma - Recurrent(4)","uc010iri.2","NBLA00301","0.012388916242460591","0","0.0071243243333343155","TPM"
"Ovarian Serous Adenocarcinoma","Ovarian serous cystadenocarcinoma(262)","Ovarian serous cystadenocarcinoma - Recurrent(4)","uc011ckd.1","NBLA00301","0.05438701419914382","1.1207736219726849e-218","0.00000885943419484746","TPM"
"Ovarian Serous Adenocarcinoma","Ovarian serous cystadenocarcinoma(262)","Ovarian serous cystadenocarcinoma - Recurrent(4)","uc010irl.2","NBLA00301","0.03249734066782876","0","0.0005000310590614088","TPM"
"Ovarian Serous Adenocarcinoma","Ovarian serous cystadenocarcinoma(262)","Ovarian serous cystadenocarcinoma - Recurrent(4)","uc010oaw.1","NPPA-AS1","0.044926344857227206","6.16093887985315e-176","0.000010480494865200995","TPM"
"Ovarian Serous Adenocarcinoma","Ovarian serous cystadenocarcinoma(262)","Ovarian serous cystadenocarcinoma - Recurrent(4)","uc010oax.1","NPPA-AS1","0.010786668019334639","0.000460080358006715","0.00015784288225289376","TPM"
"Ovarian Serous Adenocarcinoma","Ovarian serous cystadenocarcinoma(262)","Ovarian serous cystadenocarcinoma - Recurrent(4)","uc011cud.1","NR2F1-AS1","0.007974440021061393","8.67123929674375e-121","0.00009550500799244057","TPM"
"Ovarian Serous Adenocarcinoma","Ovarian serous cystadenocarcinoma(262)","Ovarian serous cystadenocarcinoma - Recurrent(4)","uc003kkc.2","NR2F1-AS1","0.016501625431283726","4.92797549632635e-156","0.0017449626892653038","TPM"
"Ovarian Serous Adenocarcinoma","Ovarian serous cystadenocarcinoma(262)","Ovarian serous cystadenocarcinoma - Recurrent(4)","uc011cue.1","NR2F1-AS1","0.011997232470285935","6.871486228547474e-79","0.00021438601016005368","TPM"
"Ovarian Serous Adenocarcinoma","Ovarian serous cystadenocarcinoma(262)","Ovarian serous cystadenocarcinoma - Recurrent(4)","uc003kkf.2","NR2F1-AS1","0.01565353777015421","1.2372586438785249e-83","0.00017829222191887011","TPM"
"Ovarian Serous Adenocarcinoma","Ovarian serous cystadenocarcinoma(262)","Ovarian serous cystadenocarcinoma - Recurrent(4)","uc002bto.1","NR2F2-AS1","0.18483896699867153","0.0381661069263022","0.000011690365786476415","TPM"
"Ovarian Serous Adenocarcinoma","Ovarian serous cystadenocarcinoma(262)","Ovarian serous cystadenocarcinoma - Recurrent(4)","uc001maq.1","OR51B5","0.05022393743824166","0","0.00015798674896077248","TPM"
"Ovarian Serous Adenocarcinoma","Ovarian serous cystadenocarcinoma(262)","Ovarian serous cystadenocarcinoma - Recurrent(4)","uc001xcr.1","OTX2-AS1","0.017671852448526627","0","0.00009090262691142611","TPM"
"Ovarian Serous Adenocarcinoma","Ovarian serous cystadenocarcinoma(262)","Ovarian serous cystadenocarcinoma - Recurrent(4)","uc003jsf.3","PART1","22.05425404681535","72.82327644075738","0.000890715865539904","TPM"
"Ovarian Serous Adenocarcinoma","Ovarian serous cystadenocarcinoma(262)","Ovarian serous cystadenocarcinoma - Recurrent(4)","uc010mpm.1","PCA3","0.05934754719946268","1.7024659161584924e-49","0.00000007125398866712905","TPM"
"Ovarian Serous Adenocarcinoma","Ovarian serous cystadenocarcinoma(262)","Ovarian serous cystadenocarcinoma - Recurrent(4)","uc004agp.2","PGM5-AS1","0.5422925237184479","0.021807931194294975","0.000002379975069302442","TPM"
"Ovarian Serous Adenocarcinoma","Ovarian serous cystadenocarcinoma(262)","Ovarian serous cystadenocarcinoma - Recurrent(4)","uc003knd.2","RGMB-AS1","0.12562968724874019","0.01044650945367935","0.0008767496623073603","TPM"
"Ovarian Serous Adenocarcinoma","Ovarian serous cystadenocarcinoma(262)","Ovarian serous cystadenocarcinoma - Recurrent(4)","uc011btc.1","SDHAP2","0.022414144416383366","0","0.00583290839682929","TPM"
"Ovarian Serous Adenocarcinoma","Ovarian serous cystadenocarcinoma(262)","Ovarian serous cystadenocarcinoma - Recurrent(4)","uc001nvs.2","SNHG1","0.032274045561547414","0","0.0001012924974138468","TPM"
"Ovarian Serous Adenocarcinoma","Ovarian serous cystadenocarcinoma(262)","Ovarian serous cystadenocarcinoma - Recurrent(4)","uc002jsa.1","SNHG16","1.3559818032268653","0","0.000011456237085043294","TPM"
"Ovarian Serous Adenocarcinoma","Ovarian serous cystadenocarcinoma(262)","Ovarian serous cystadenocarcinoma - Recurrent(4)","uc004fbp.2","SPANX-L","0.004549128313229345","0","0.004464267046929408","TPM"
"Ovarian Serous Adenocarcinoma","Ovarian serous cystadenocarcinoma(262)","Ovarian serous cystadenocarcinoma - Recurrent(4)","uc003viw.2","ST7-AS2","0.00378126721397071","0","0.0002709656546404443","TPM"
"Ovarian Serous Adenocarcinoma","Ovarian serous cystadenocarcinoma(262)","Ovarian serous cystadenocarcinoma - Recurrent(4)","uc001ipf.1","ST8SIA6-AS1","0.025769954700615206","0","0.006537356958420498","TPM"
"Ovarian Serous Adenocarcinoma","Ovarian serous cystadenocarcinoma(262)","Ovarian serous cystadenocarcinoma - Recurrent(4)","uc003qlv.2","STXBP5-AS1","0.004140669466202039","0","0.0000009719704003393302","TPM"
"Ovarian Serous Adenocarcinoma","Ovarian serous cystadenocarcinoma(262)","Ovarian serous cystadenocarcinoma - Recurrent(4)","uc010avj.2","TCL1B","0.007756125105388569","0","0.000793328906741009","TPM"
"Ovarian Serous Adenocarcinoma","Ovarian serous cystadenocarcinoma(262)","Ovarian serous cystadenocarcinoma - Recurrent(4)","uc001yew.2","TCL1B","0.003572999042523964","0","0.0022615181199790242","TPM"
"Ovarian Serous Adenocarcinoma","Ovarian serous cystadenocarcinoma(262)","Ovarian serous cystadenocarcinoma - Recurrent(4)","uc001yev.2","TCL6","0.09972047086429789","0.00081554576902074","0.000000000016053803572322515","TPM"
"Ovarian Serous Adenocarcinoma","Ovarian serous cystadenocarcinoma(262)","Ovarian serous cystadenocarcinoma - Recurrent(4)","uc001yep.1","TCL6","0.07577349914256809","0.007271194034795625","0.00119701384924636","TPM"
"Ovarian Serous Adenocarcinoma","Ovarian serous cystadenocarcinoma(262)","Ovarian serous cystadenocarcinoma - Recurrent(4)","uc003opg.2","TDRG1","0.26431723743603514","0","0.000000014824410199862122","TPM"
"Ovarian Serous Adenocarcinoma","Ovarian serous cystadenocarcinoma(262)","Ovarian serous cystadenocarcinoma - Recurrent(4)","uc001wkb.3","THTPA","0.06795274224160407","1.7086233208853573e-117","0.0015155795449645476","TPM"
"Ovarian Serous Adenocarcinoma","Ovarian serous cystadenocarcinoma(262)","Ovarian serous cystadenocarcinoma - Recurrent(4)","uc001kbi.3","TMEM254-AS1","0.043173766808602965","2.2339376600286125e-60","0.0012178227640563127","TPM"
"Ovarian Serous Adenocarcinoma","Ovarian serous cystadenocarcinoma(262)","Ovarian serous cystadenocarcinoma - Recurrent(4)","uc004ebn.2","TSIX","0.09811766377924849","0.024433427425010326","0.000154590006446087","TPM"
"Ovarian Serous Adenocarcinoma","Ovarian serous cystadenocarcinoma(262)","Ovarian serous cystadenocarcinoma - Recurrent(4)","uc004fnm.2","U00684","0.22875028608416736","0","1.4746830340827943e-17","TPM"
"Ovarian Serous Adenocarcinoma","Ovarian serous cystadenocarcinoma(262)","Ovarian serous cystadenocarcinoma - Recurrent(4)","uc002rur.1","UNQ6975","0.006940418867511115","0","0.00004054705288159551","TPM"
"Ovarian Serous Adenocarcinoma","Ovarian serous cystadenocarcinoma(262)","Ovarian serous cystadenocarcinoma - Recurrent(4)","uc002ruq.2","UNQ6975","0.006319539344884317","0","0.0002539913788023935","TPM"
"Ovarian Serous Adenocarcinoma","Ovarian serous cystadenocarcinoma(262)","Ovarian serous cystadenocarcinoma - Recurrent(4)","uc002oax.1","UPK1A-AS1","0.22489814665072605","0.05486694337055402","0.00004363768575804142","TPM"
"Ovarian Serous Adenocarcinoma","Ovarian serous cystadenocarcinoma(262)","Ovarian serous cystadenocarcinoma - Recurrent(4)","uc001jzz.2","ZMIZ1-AS1","0.018427078622268802","0","0.0033248528683032827","TPM"
"Ovarian Serous Adenocarcinoma","Ovarian serous cystadenocarcinoma(262)","Ovarian serous cystadenocarcinoma - Recurrent(4)","uc001jba.2","ZNF32-AS3","0.007043239093256496","0","0.000000000006349649321253276","TPM"
"Ovarian Serous Adenocarcinoma","Ovarian serous cystadenocarcinoma(262)","Ovarian serous cystadenocarcinoma - Recurrent(4)","uc010yly.1","ZNF512","0.03959063356884927","0","5.386321825416401e-19","TPM"
